full_name,first_name,last_name
1,Felice,Colvin
2,Johnathon,Chillistone
3,Celinda,Andrysiak
4,Laurena,Pudney
5,Hallsy,Kerans
6,Marne,McGavin
7,Dulce,Cowoppe
8,Ambrosi,Stannas
9,Taite,Sanzio
10,Gordan,Pumphreys
11,Hollis,Coppenhall
12,Lari,Tampen
13,Dorothea,Wrangle
14,Delainey,Gebby
15,Forrest,Meigh
16,Penelopa,Speak
17,Brunhilde,Geelan
18,Maryl,Furst
19,Morten,Grimsdike
20,Averell,Costain
21,Milton,Sudworth
22,Payton,Tomaello
23,Dosi,Bernardotti
24,Tedmund,Varns
25,Caria,Scola
26,Rheba,Upshall
27,Tremayne,Late
28,Rickard,Carillo
29,Angil,Garces
30,Charline,Waterstone
